i7_name,Barcode,Reverse Complement,Sequence
GTseq_001,CGTGAT,ATCACG,CAAGCAGAAGACGGCATACGAGATCGTGATGTGACTGGAGTTCAGACGTGTGCTCTTCCGATCT
GTseq_002,ACATCG,CGATGT,CAAGCAGAAGACGGCATACGAGATACATCGGTGACTGGAGTTCAGACGTGTGCTCTTCCGATCT
GTseq_003,GCCTAA,TTAGGC,CAAGCAGAAGACGGCATACGAGATGCCTAAGTGACTGGAGTTCAGACGTGTGCTCTTCCGATCT
GTseq_004,TGGTCA,TGACCA,CAAGCAGAAGACGGCATACGAGATTGGTCAGTGACTGGAGTTCAGACGTGTGCTCTTCCGATCT
GTseq_005,CACTGT,ACAGTG,CAAGCAGAAGACGGCATACGAGATCACTGTGTGACTGGAGTTCAGACGTGTGCTCTTCCGATCT
GTseq_006,ATTGGC,GCCAAT,CAAGCAGAAGACGGCATACGAGATATTGGCGTGACTGGAGTTCAGACGTGTGCTCTTCCGATCT
GTseq_007,GATCTG,CAGATC,CAAGCAGAAGACGGCATACGAGATGATCTGGTGACTGGAGTTCAGACGTGTGCTCTTCCGATCT
GTseq_008,TCAAGT,ACTTGA,CAAGCAGAAGACGGCATACGAGATTCAAGTGTGACTGGAGTTCAGACGTGTGCTCTTCCGATCT
GTseq_009,CTGATC,GATCAG,CAAGCAGAAGACGGCATACGAGATCTGATCGTGACTGGAGTTCAGACGTGTGCTCTTCCGATCT
GTseq_010,AAGCTA,TAGCTT,CAAGCAGAAGACGGCATACGAGATAAGCTAGTGACTGGAGTTCAGACGTGTGCTCTTCCGATCT
GTseq_011,GTAGCC,GGCTAC,CAAGCAGAAGACGGCATACGAGATGTAGCCGTGACTGGAGTTCAGACGTGTGCTCTTCCGATCT
GTseq_012,TACAAG,CTTGTA,CAAGCAGAAGACGGCATACGAGATTACAAGGTGACTGGAGTTCAGACGTGTGCTCTTCCGATCT
GTseq_013,TTATCC,GGATAA,CAAGCAGAAGACGGCATACGAGATTTATCCGTGACTGGAGTTCAGACGTGTGCTCTTCCGATCT
GTseq_014,CAGCTC,GAGCTG,CAAGCAGAAGACGGCATACGAGATCAGCTCGTGACTGGAGTTCAGACGTGTGCTCTTCCGATCT
GTseq_015,ACAGTA,TACTGT,CAAGCAGAAGACGGCATACGAGATACAGTAGTGACTGGAGTTCAGACGTGTGCTCTTCCGATCT
GTseq_016,GCTGGC,GCCAGC,CAAGCAGAAGACGGCATACGAGATGCTGGCGTGACTGGAGTTCAGACGTGTGCTCTTCCGATCT
GTseq_017,GATGAG,CTCATC,CAAGCAGAAGACGGCATACGAGATGATGAGGTGACTGGAGTTCAGACGTGTGCTCTTCCGATCT
GTseq_018,AGCATA,TATGCT,CAAGCAGAAGACGGCATACGAGATAGCATAGTGACTGGAGTTCAGACGTGTGCTCTTCCGATCT
GTseq_019,CGACTG,CAGTCG,CAAGCAGAAGACGGCATACGAGATCGACTGGTGACTGGAGTTCAGACGTGTGCTCTTCCGATCT
GTseq_020,CCTGAC,GTCAGG,CAAGCAGAAGACGGCATACGAGATCCTGACGTGACTGGAGTTCAGACGTGTGCTCTTCCGATCT
GTseq_021,GGCGAA,TTCGCC,CAAGCAGAAGACGGCATACGAGATGGCGAAGTGACTGGAGTTCAGACGTGTGCTCTTCCGATCT
GTseq_022,CGGCCG,CGGCCG,CAAGCAGAAGACGGCATACGAGATCGGCCGGTGACTGGAGTTCAGACGTGTGCTCTTCCGATCT
GTseq_023,ACTGGA,TCCAGT,CAAGCAGAAGACGGCATACGAGATACTGGAGTGACTGGAGTTCAGACGTGTGCTCTTCCGATCT
GTseq_024,AGCCTC,GAGGCT,CAAGCAGAAGACGGCATACGAGATAGCCTCGTGACTGGAGTTCAGACGTGTGCTCTTCCGATCT
GTseq_025,TTCCTG,CAGGAA,CAAGCAGAAGACGGCATACGAGATTTCCTGGTGACTGGAGTTCAGACGTGTGCTCTTCCGATCT
GTseq_026,AATTTG,CAAATT,CAAGCAGAAGACGGCATACGAGATAATTTGGTGACTGGAGTTCAGACGTGTGCTCTTCCGATCT
GTseq_027,GGTTTG,CAAACC,CAAGCAGAAGACGGCATACGAGATGGTTTGGTGACTGGAGTTCAGACGTGTGCTCTTCCGATCT
GTseq_028,TATCAG,CTGATA,CAAGCAGAAGACGGCATACGAGATTATCAGGTGACTGGAGTTCAGACGTGTGCTCTTCCGATCT
GTseq_029,ACGTAT,ATACGT,CAAGCAGAAGACGGCATACGAGATACGTATGTGACTGGAGTTCAGACGTGTGCTCTTCCGATCT
GTseq_030,GTACCT,AGGTAC,CAAGCAGAAGACGGCATACGAGATGTACCTGTGACTGGAGTTCAGACGTGTGCTCTTCCGATCT
GTseq_031,AAGTTT,AAACTT,CAAGCAGAAGACGGCATACGAGATAAGTTTGTGACTGGAGTTCAGACGTGTGCTCTTCCGATCT
GTseq_032,AACAAC,GTTGTT,CAAGCAGAAGACGGCATACGAGATAACAACGTGACTGGAGTTCAGACGTGTGCTCTTCCGATCT
GTseq_033,CTACAA,TTGTAG,CAAGCAGAAGACGGCATACGAGATCTACAAGTGACTGGAGTTCAGACGTGTGCTCTTCCGATCT
GTseq_034,ATGCCA,TGGCAT,CAAGCAGAAGACGGCATACGAGATATGCCAGTGACTGGAGTTCAGACGTGTGCTCTTCCGATCT
GTseq_035,AAGTGC,GCACTT,CAAGCAGAAGACGGCATACGAGATAAGTGCGTGACTGGAGTTCAGACGTGTGCTCTTCCGATCT
GTseq_036,CATCCG,CGGATG,CAAGCAGAAGACGGCATACGAGATCATCCGGTGACTGGAGTTCAGACGTGTGCTCTTCCGATCT
GTseq_037,GACATT,AATGTC,CAAGCAGAAGACGGCATACGAGATGACATTGTGACTGGAGTTCAGACGTGTGCTCTTCCGATCT
GTseq_038,TAAGTT,AACTTA,CAAGCAGAAGACGGCATACGAGATTAAGTTGTGACTGGAGTTCAGACGTGTGCTCTTCCGATCT
GTseq_039,TCCGGT,ACCGGA,CAAGCAGAAGACGGCATACGAGATTCCGGTGTGACTGGAGTTCAGACGTGTGCTCTTCCGATCT
GTseq_040,GCAAAG,CTTTGC,CAAGCAGAAGACGGCATACGAGATGCAAAGGTGACTGGAGTTCAGACGTGTGCTCTTCCGATCT
GTseq_041,CAATCC,GGATTG,CAAGCAGAAGACGGCATACGAGATCAATCCGTGACTGGAGTTCAGACGTGTGCTCTTCCGATCT
GTseq_042,CTTCGT,ACGAAG,CAAGCAGAAGACGGCATACGAGATCTTCGTGTGACTGGAGTTCAGACGTGTGCTCTTCCGATCT
GTseq_043,GTGCTT,AAGCAC,CAAGCAGAAGACGGCATACGAGATGTGCTTGTGACTGGAGTTCAGACGTGTGCTCTTCCGATCT
GTseq_044,TTGCTC,GAGCAA,CAAGCAGAAGACGGCATACGAGATTTGCTCGTGACTGGAGTTCAGACGTGTGCTCTTCCGATCT
GTseq_045,AACCTG,CAGGTT,CAAGCAGAAGACGGCATACGAGATAACCTGGTGACTGGAGTTCAGACGTGTGCTCTTCCGATCT
GTseq_046,ATACGG,CCGTAT,CAAGCAGAAGACGGCATACGAGATATACGGGTGACTGGAGTTCAGACGTGTGCTCTTCCGATCT
GTseq_047,CTGAAA,TTTCAG,CAAGCAGAAGACGGCATACGAGATCTGAAAGTGACTGGAGTTCAGACGTGTGCTCTTCCGATCT
GTseq_048,CAACCA,TGGTTG,CAAGCAGAAGACGGCATACGAGATCAACCAGTGACTGGAGTTCAGACGTGTGCTCTTCCGATCT
