Sample,PlateID,i7_name,i7_sequence,i5_name,i5_sequence
UI0003_B205,GWAdapt1,i041,GGATTG,A01,AAACGG
UI0004_B390,GWAdapt1,i041,GGATTG,B01,ACTCTT
UI0009_B215,GWAdapt1,i041,GGATTG,C01,ATTCCG
UI0011_1241,GWAdapt1,i041,GGATTG,D01,CGAGGC
UI0013_16R1,GWAdapt1,i041,GGATTG,E01,GAAATG
UI0018_B192,GWAdapt1,i041,GGATTG,F01,GGACTT
UI0022_B109,GWAdapt1,i041,GGATTG,G01,TAAGCT
UI0025_B426,GWAdapt1,i041,GGATTG,H01,TCTTCT
UI0031_AVJ1,GWAdapt1,i041,GGATTG,A02,AACGTT
UI0033_B328,GWAdapt1,i041,GGATTG,B02,ACTGGC
UI0036_B486,GWAdapt1,i041,GGATTG,C02,CAAAAA
UI0039_B471,GWAdapt1,i041,GGATTG,D02,CGCAGA
UI0058_13V1,GWAdapt1,i041,GGATTG,E02,GAACCA
UI0062_B427,GWAdapt1,i041,GGATTG,F02,GGCAAG
UI0063_B415,GWAdapt1,i041,GGATTG,G02,TAATTC
UI0066_1A91,GWAdapt1,i041,GGATTG,H02,TGAACC
UI0070_B249,GWAdapt1,i041,GGATTG,A03,AACTGA
UI0074_B406,GWAdapt1,i041,GGATTG,B03,AGCCAT
UI0076_B404,GWAdapt1,i041,GGATTG,C03,CAATCG
UI0077_B400,GWAdapt1,i041,GGATTG,D03,CGCGTG
UI0078_3B71,GWAdapt1,i041,GGATTG,E03,GACGAC
UI0079_B422,GWAdapt1,i041,GGATTG,F03,GGGCGC
UI0080_RZS8,GWAdapt1,i041,GGATTG,G03,TACACA
UI0081_B364,GWAdapt1,i041,GGATTG,H03,TGACAA
UI0083_NZ68,GWAdapt1,i041,GGATTG,A04,AAGACG
UI0086_B448,GWAdapt1,i041,GGATTG,B04,AGCGCA
UI0087_B316,GWAdapt1,i041,GGATTG,C04,CACCTC
UI0094_BMF1,GWAdapt1,i041,GGATTG,D04,CGGTCC
UI0103_C070657,GWAdapt1,i041,GGATTG,E04,GACTCT
UI0105_B145,GWAdapt1,i041,GGATTG,F04,GGGGCG
UI0106_C080887,GWAdapt1,i041,GGATTG,G04,TACGGG
UI0107_1H41,GWAdapt1,i041,GGATTG,H04,TGCCCG
UI0113_B472,GWAdapt1,i041,GGATTG,A05,AAGCTA
UI0115_C094782,GWAdapt1,i041,GGATTG,B05,AGGGTC
UI0117_B225,GWAdapt1,i041,GGATTG,C05,CAGGCA
UI0118_B106,GWAdapt1,i041,GGATTG,D05,CGTCTA
UI0119_19W1,GWAdapt1,i041,GGATTG,E05,GAGAGA
UI0120_1DB1,GWAdapt1,i041,GGATTG,F05,GGTACA
UI0121_C081946,GWAdapt1,i041,GGATTG,G05,TAGTAT
UI0130_HJ-1,GWAdapt1,i041,GGATTG,H05,TGCTTA
UI0136_C097433,GWAdapt1,i041,GGATTG,A06,AATATC
UI0141_3B11,GWAdapt1,i041,GGATTG,B06,AGGTGT
UI0146_B234,GWAdapt1,i041,GGATTG,C06,CATACT
UI0155_B217,GWAdapt1,i041,GGATTG,D06,CGTGAT
UI0157_B569,GWAdapt1,i041,GGATTG,E06,AATCGT
UI0164_Y239,GWAdapt1,i041,GGATTG,F06,GGTTTG
UI0166_C087892,GWAdapt1,i041,GGATTG,G06,TATCAC
UI0169_C069035,GWAdapt1,i041,GGATTG,H06,TGGGGA
UI0175_C088278,GWAdapt1,i041,GGATTG,A07,AATGAG
UI0177_B384,GWAdapt1,i041,GGATTG,B07,AGTAGG
UI0179_C087883,GWAdapt1,i041,GGATTG,C07,CCATTT
UI0182_B487,GWAdapt1,i041,GGATTG,D07,CTACAG
UI0184_B420,GWAdapt1,i041,GGATTG,E07,GCAGAT
UI0187_C081931,GWAdapt1,i041,GGATTG,F07,GTAAGT
UI0189_B473,GWAdapt1,i041,GGATTG,G07,TCAAAG
UI0200_B417,GWAdapt1,i041,GGATTG,H07,TTATGA
UI0201_CTT1,GWAdapt1,i041,GGATTG,A08,ACAAGA
UI0202_C069380,GWAdapt1,i041,GGATTG,B08,AGTTAA
UI0203_B507,GWAdapt1,i041,GGATTG,C08,CCCGGT
UI0204_RZIG,GWAdapt1,i041,GGATTG,D08,CTCGCC
UI0205_B423,GWAdapt1,i041,GGATTG,E08,GCATGG
UI0216_B314,GWAdapt1,i041,GGATTG,F08,GTATCC
UI0219_C084928,GWAdapt1,i041,GGATTG,G08,TCCTGC
UI0221_C097901,GWAdapt1,i041,GGATTG,H08,TTCCGT
UI0222_WA-376,GWAdapt1,i041,GGATTG,A09,ACAGCG
UI0223_7VU1,GWAdapt1,i041,GGATTG,B09,ATAGTA
UI0226_WZ7T,GWAdapt1,i041,GGATTG,C09,CCCTAA
UI0231_XZQ9,GWAdapt1,i041,GGATTG,D09,CTGCGA
UI0232_B499,GWAdapt1,i041,GGATTG,E09,GCCGTA
UI0233_C097911,GWAdapt1,i041,GGATTG,F09,GTCATC
UI0249_AVV1,GWAdapt1,i041,GGATTG,G09,TCGATT
UI0250_C097972,GWAdapt1,i041,GGATTG,H09,TTCTAG
UI0256_RZN8,GWAdapt1,i041,GGATTG,A10,ACATAC
UI0267_C070185,GWAdapt1,i041,GGATTG,B10,ATCAAA
UI0269_1C81,GWAdapt1,i041,GGATTG,C10,CCGAGG
UI0272_B543,GWAdapt1,i041,GGATTG,D10,CTGGTT
UI0277_AVS1,GWAdapt1,i041,GGATTG,E10,GCGACC
UI0281_19V1,GWAdapt1,i041,GGATTG,F10,GTGCCT
UI0286_C093829,GWAdapt1,i041,GGATTG,G10,TCGCCA
UI0288_1511,GWAdapt1,i041,GGATTG,H10,TTGAGC
UI0290_LZI8,GWAdapt1,i041,GGATTG,A11,ACCATG
UI0291_YZ89,GWAdapt1,i041,GGATTG,B11,ATGCAC
UI0295_C073771,GWAdapt1,i041,GGATTG,C11,CCGCAT
UI0297_8SX1,GWAdapt1,i041,GGATTG,D11,CTTATG
UI0299_VZGT,GWAdapt1,i041,GGATTG,E11,GCGCTG
UI0300_XZR9,GWAdapt1,i041,GGATTG,F11,GTGTAA
UI0301_116W8,GWAdapt1,i041,GGATTG,G11,TCGGAC
UI0303_B585,GWAdapt1,i041,GGATTG,H11,TTTAAT
UI0304_B596,GWAdapt1,i041,GGATTG,A12,ACCCCC
UI0305_B369,GWAdapt1,i041,GGATTG,B12,ATGTTG
UI0306_B545,GWAdapt1,i041,GGATTG,C12,CCTAAC
UI0309_B341,GWAdapt1,i041,GGATTG,D12,CTTTGC
UI0310_CSJ1,GWAdapt1,i041,GGATTG,E12,GCTCAA
UI0324_C070579,GWAdapt1,i041,GGATTG,F12,GTTGGA
UI0075_11CUS,GWAdapt1,i041,GGATTG,G12,TCTCGG
PCR_Neg_AGW1,GWAdapt1,i041,GGATTG,H12,TTTGTC
